Model,Precision,Recall,F1-Score,AUC-ROC
LogisticRegression,0.7948717948717948,0.6458333333333334,0.7126436781609196,0.9631153207964602
DecisionTree,0.8823529411764706,0.9375,0.9090909090909091,0.9940945335545723
KNN,0.873015873015873,0.5729166666666666,0.6918238993710691,0.9254125184365782
RandomForest,0.9680851063829787,0.9479166666666666,0.9578947368421052,0.9979950221238938
